﻿<?xml version="1.0" encoding="utf-8"?>
<Deployment xmlns="http://schemas.microsoft.com/windowsphone/2012/deployment" AppPlatformVersion="8.0">
  <DefaultLanguage xmlns="" code="en-US" />
  <App xmlns="" ProductID="{5d6b6b57-53b7-4d24-8527-53f2c51af1c3}" Title="UJukeBox" RuntimeType="Silverlight" Version="1.0.0.0" Genre="apps.normal" Author="WP8jukebox author" Description="Vote for the songs you would like to hear at your favourite Venue." Publisher="WP8jukebox" PublisherID="{00e162c8-2a8b-4cc0-a749-01b3aacf69e6}">
    <IconPath IsRelative="true" IsResource="false">images\APPLICATION_ICON_99X99.PNG</IconPath>
    <Capabilities>
      <Capability Name="ID_CAP_NETWORKING" />
      <Capability Name="ID_CAP_MEDIALIB_AUDIO" />
      <Capability Name="ID_CAP_MEDIALIB_PLAYBACK" />
      <Capability Name="ID_CAP_SENSORS" />
      <Capability Name="ID_CAP_WEBBROWSERCOMPONENT" />
    </Capabilities>
    <Tasks>
      <DefaultTask Name="_default" NavigationPage="SplashPage.xaml" />
    </Tasks>
    <Tokens>
      <PrimaryToken TokenID="WP8jukeboxToken" TaskName="_default">
        <TemplateFlip>
          <SmallImageURI IsRelative="true" IsResource="false">images\SMALL.PNG</SmallImageURI>
          <Count>0</Count>
          <BackgroundImageURI IsRelative="true" IsResource="false">images\MEDICON.png</BackgroundImageURI>
          <Title>UJukeBox</Title>
          <BackContent>
          </BackContent>
          <BackBackgroundImageURI>
          </BackBackgroundImageURI>
          <BackTitle>
          </BackTitle>
          <DeviceLockImageURI>
          </DeviceLockImageURI>
          <HasLarge>
          </HasLarge>
        </TemplateFlip>
      </PrimaryToken>
    </Tokens>
    <ScreenResolutions>
      <ScreenResolution Name="ID_RESOLUTION_WVGA" />
      <ScreenResolution Name="ID_RESOLUTION_WXGA" />
      <ScreenResolution Name="ID_RESOLUTION_HD720P" />
    </ScreenResolutions>
  </App>
</Deployment>